<?xml version="1.0" encoding="UTF-8"?>
<problemStructure>
	<task>
		<provided>
			<instance name="inst1867161353"/>
			<instance name="inst104320940"/>
			<instance name="inst727162353"/>
			<instance name="inst730643408"/>
			<instance name="inst280461322"/>
			<instance name="inst1039300291"/>
		</provided>
		<wanted>
			<instance name="inst1875968180"/>
			<instance name="inst349893555"/>
			<instance name="inst795570225"/>
			<instance name="inst1849957915"/>
		</wanted>
	</task>
	<solutions>
		<solution>
			<parallel>
				<sequence>
					<parallel>
						<sequence>
							<parallel>
								<serviceDesc>
									<abstraction>
										<input>
											<concept name="con1382774266"/>
											<concept name="con114152090"/>
											<concept name="con1454255183"/>
											<concept name="con1795066253"/>
											<concept name="con1735261165"/>
											<concept name="con624345437"/>
										</input>
										<output>
											<concept name="con1481699949"/>
											<concept name="con1566493071"/>
											<concept name="con366892988"/>
										</output>
									</abstraction>
									<realizations>
										<service name="serv205293177"/>
										<service name="serv1660093020"/>
										<service name="serv967409234"/>
										<service name="serv274725410"/>
									</realizations>
								</serviceDesc>
								<serviceDesc>
									<abstraction>
										<input>
											<concept name="con1382774266"/>
											<concept name="con114152090"/>
											<concept name="con1454255183"/>
											<concept name="con1795066253"/>
											<concept name="con1735261165"/>
											<concept name="con624345437"/>
										</input>
										<output>
											<concept name="con1716827231"/>
										</output>
									</abstraction>
									<realizations>
										<service name="serv1729525253"/>
										<service name="serv1036841467"/>
										<service name="serv344157643"/>
										<service name="serv1798957486"/>
									</realizations>
								</serviceDesc>
							</parallel>
							<parallel>
								<sequence>
									<serviceDesc>
										<abstraction>
											<input>
												<concept name="con1716827231"/>
												<concept name="con1481699949"/>
												<concept name="con1566493071"/>
												<concept name="con366892988"/>
											</input>
											<output>
												<concept name="con1475145849"/>
												<concept name="con1821488788"/>
												<concept name="con2102084630"/>
												<concept name="con1749597731"/>
											</output>
										</abstraction>
										<realizations>
											<service name="serv1106273700"/>
											<service name="serv413589876"/>
										</realizations>
									</serviceDesc>
									<parallel>
										<serviceDesc>
											<abstraction>
												<input>
													<concept name="con1475145849"/>
													<concept name="con1821488788"/>
													<concept name="con2102084630"/>
													<concept name="con1749597731"/>
												</input>
												<output>
													<concept name="con576214010"/>
													<concept name="con1093371635"/>
													<concept name="con1464086333"/>
												</output>
											</abstraction>
											<realizations>
												<service name="serv1868389719"/>
												<service name="serv1175705933"/>
												<service name="serv483022109"/>
												<service name="serv1937821952"/>
												<service name="serv1245138166"/>
												<service name="serv552454342"/>
												<service name="serv2007254185"/>
											</realizations>
										</serviceDesc>
										<serviceDesc>
											<abstraction>
												<input>
													<concept name="con1475145849"/>
													<concept name="con1821488788"/>
													<concept name="con2102084630"/>
													<concept name="con1749597731"/>
												</input>
												<output>
													<concept name="con673501187"/>
													<concept name="con1957894430"/>
												</output>
											</abstraction>
											<realizations>
												<service name="serv1314570399"/>
											</realizations>
										</serviceDesc>
									</parallel>
								</sequence>
							</parallel>
						</sequence>
					</parallel>
					<parallel>
						<serviceDesc>
							<abstraction>
								<input>
									<concept name="con673501187"/>
									<concept name="con1957894430"/>
									<concept name="con576214010"/>
									<concept name="con1093371635"/>
									<concept name="con1464086333"/>
									<concept name="con1749597731"/>
								</input>
								<output>
									<concept name="con1407352122"/>
								</output>
							</abstraction>
							<realizations>
								<service name="serv621886575"/>
								<service name="serv2076686418"/>
								<service name="serv1384002632"/>
							</realizations>
						</serviceDesc>
						<serviceDesc>
							<abstraction>
								<input>
									<concept name="con673501187"/>
									<concept name="con1957894430"/>
									<concept name="con576214010"/>
									<concept name="con1093371635"/>
									<concept name="con1464086333"/>
									<concept name="con1749597731"/>
								</input>
								<output>
									<concept name="con399049305"/>
									<concept name="con478312688"/>
								</output>
							</abstraction>
							<realizations>
								<service name="serv691318808"/>
							</realizations>
						</serviceDesc>
						<serviceDesc>
							<abstraction>
								<input>
									<concept name="con673501187"/>
									<concept name="con1957894430"/>
									<concept name="con576214010"/>
									<concept name="con1093371635"/>
									<concept name="con1464086333"/>
									<concept name="con1749597731"/>
								</input>
								<output>
									<concept name="con325111656"/>
								</output>
							</abstraction>
							<realizations>
								<service name="serv2146118651"/>
							</realizations>
						</serviceDesc>
						<serviceDesc>
							<abstraction>
								<input>
									<concept name="con673501187"/>
									<concept name="con1957894430"/>
									<concept name="con576214010"/>
									<concept name="con1093371635"/>
									<concept name="con1464086333"/>
									<concept name="con1749597731"/>
								</input>
								<output>
									<concept name="con943241518"/>
								</output>
							</abstraction>
							<realizations>
								<service name="serv1453434865"/>
							</realizations>
						</serviceDesc>
					</parallel>
					<serviceDesc>
						<abstraction>
							<input>
								<concept name="con943241518"/>
								<concept name="con325111656"/>
								<concept name="con399049305"/>
								<concept name="con478312688"/>
								<concept name="con1407352122"/>
							</input>
							<output>
								<concept name="con1183284356"/>
								<concept name="con1112009574"/>
								<concept name="con102886439"/>
								<concept name="con1157274091"/>
							</output>
						</abstraction>
						<realizations>
							<service name="serv760751041"/>
						</realizations>
					</serviceDesc>
				</sequence>
			</parallel>
		</solution>
		<solution>
			<sequence>
				<parallel>
					<sequence>
						<parallel>
							<serviceDesc>
								<abstraction>
									<input>
										<concept name="con1382774266"/>
										<concept name="con114152090"/>
										<concept name="con1454255183"/>
										<concept name="con1795066253"/>
										<concept name="con1735261165"/>
										<concept name="con624345437"/>
									</input>
									<output>
										<concept name="con2019748202"/>
										<concept name="con1986363519"/>
									</output>
								</abstraction>
								<realizations>
									<service name="serv68067255"/>
								</realizations>
							</serviceDesc>
							<serviceDesc>
								<abstraction>
									<input>
										<concept name="con1382774266"/>
										<concept name="con114152090"/>
										<concept name="con1454255183"/>
										<concept name="con1795066253"/>
										<concept name="con1735261165"/>
										<concept name="con624345437"/>
									</input>
									<output>
										<concept name="con121524378"/>
										<concept name="con354809111"/>
									</output>
								</abstraction>
								<realizations>
									<service name="serv1522867098"/>
									<service name="serv830183274"/>
								</realizations>
							</serviceDesc>
						</parallel>
						<serviceDesc>
							<abstraction>
								<input>
									<concept name="con121524378"/>
									<concept name="con354809111"/>
									<concept name="con2019748202"/>
									<concept name="con1986363519"/>
								</input>
								<output>
									<concept name="con505143271"/>
								</output>
							</abstraction>
							<realizations>
								<service name="serv137499488"/>
							</realizations>
						</serviceDesc>
					</sequence>
					<sequence>
						<serviceDesc>
							<abstraction>
								<input>
									<concept name="con1382774266"/>
									<concept name="con114152090"/>
									<concept name="con1454255183"/>
									<concept name="con1795066253"/>
									<concept name="con1735261165"/>
									<concept name="con624345437"/>
								</input>
								<output>
									<concept name="con399459445"/>
									<concept name="con456601704"/>
									<concept name="con521528521"/>
									<concept name="con776728243"/>
								</output>
							</abstraction>
							<realizations>
								<service name="serv1592299331"/>
							</realizations>
						</serviceDesc>
						<serviceDesc>
							<abstraction>
								<input>
									<concept name="con399459445"/>
									<concept name="con456601704"/>
									<concept name="con521528521"/>
									<concept name="con776728243"/>
								</input>
								<output>
									<concept name="con412567645"/>
									<concept name="con458240210"/>
									<concept name="con151017828"/>
								</output>
							</abstraction>
							<realizations>
								<service name="serv899615507"/>
								<service name="serv206931721"/>
								<service name="serv1661731564"/>
							</realizations>
						</serviceDesc>
					</sequence>
					<sequence>
						<serviceDesc>
							<abstraction>
								<input>
									<concept name="con1382774266"/>
									<concept name="con114152090"/>
									<concept name="con1454255183"/>
									<concept name="con1795066253"/>
									<concept name="con1735261165"/>
									<concept name="con624345437"/>
								</input>
								<output>
									<concept name="con850665892"/>
									<concept name="con1973461454"/>
									<concept name="con890194535"/>
								</output>
							</abstraction>
							<realizations>
								<service name="serv969047740"/>
								<service name="serv276363954"/>
								<service name="serv1731163797"/>
							</realizations>
						</serviceDesc>
						<serviceDesc>
							<abstraction>
								<input>
									<concept name="con850665892"/>
									<concept name="con1973461454"/>
									<concept name="con890194535"/>
								</input>
								<output>
									<concept name="con1488254049"/>
									<concept name="con383892421"/>
								</output>
							</abstraction>
							<realizations>
								<service name="serv1038479973"/>
								<service name="serv345796187"/>
							</realizations>
						</serviceDesc>
					</sequence>
				</parallel>
				<parallel>
					<sequence>
						<serviceDesc>
							<abstraction>
								<input>
									<concept name="con1488254049"/>
									<concept name="con383892421"/>
									<concept name="con1973461454"/>
									<concept name="con890194535"/>
									<concept name="con412567645"/>
									<concept name="con458240210"/>
									<concept name="con151017828"/>
									<concept name="con505143271"/>
								</input>
								<output>
									<concept name="con634176587"/>
									<concept name="con1556661921"/>
									<concept name="con1323379318"/>
								</output>
							</abstraction>
							<realizations>
								<service name="serv1800596030"/>
							</realizations>
						</serviceDesc>
						<serviceDesc>
							<abstraction>
								<input>
									<concept name="con634176587"/>
									<concept name="con1556661921"/>
									<concept name="con1323379318"/>
								</input>
								<output>
									<concept name="con1328498917"/>
									<concept name="con1507916349"/>
									<concept name="con706885870"/>
								</output>
							</abstraction>
							<realizations>
								<service name="serv1107912206"/>
							</realizations>
						</serviceDesc>
						<serviceDesc>
							<abstraction>
								<input>
									<concept name="con1328498917"/>
									<concept name="con1507916349"/>
									<concept name="con706885870"/>
								</input>
								<output>
									<concept name="con1183284356"/>
									<concept name="con1112009574"/>
									<concept name="con102886439"/>
									<concept name="con1157274091"/>
								</output>
							</abstraction>
							<realizations>
								<service name="serv415228420"/>
							</realizations>
						</serviceDesc>
					</sequence>
				</parallel>
			</sequence>
		</solution>
	</solutions>
</problemStructure>