<?xml version="1.0" encoding="UTF-8"?>
<problemStructure>
	<task>
		<provided>
			<instance name="inst1177391705"/>
			<instance name="inst1489937729"/>
			<instance name="inst1584153953"/>
			<instance name="inst136726436"/>
			<instance name="inst1873352579"/>
			<instance name="inst618656791"/>
			<instance name="inst915637883"/>
			<instance name="inst1102633738"/>
		</provided>
		<wanted>
			<instance name="inst1170427465"/>
		</wanted>
	</task>
	<solutions>
		<solution>
			<sequence>
				<serviceDesc>
					<abstraction>
						<input>
							<concept name="con210256037"/>
							<concept name="con797253905"/>
							<concept name="con891470167"/>
							<concept name="con831048766"/>
							<concept name="con1319533221"/>
							<concept name="con1035250189"/>
							<concept name="con1692500646"/>
							<concept name="con84089593"/>
						</input>
						<output>
							<concept name="con1606477028"/>
							<concept name="con839241372"/>
							<concept name="con321673607"/>
						</output>
					</abstraction>
					<realizations>
						<service name="serv1648054317"/>
						<service name="serv955370531"/>
					</realizations>
				</serviceDesc>
				<parallel>
					<serviceDesc>
						<abstraction>
							<input>
								<concept name="con1606477028"/>
								<concept name="con839241372"/>
								<concept name="con321673607"/>
							</input>
							<output>
								<concept name="con468526674"/>
							</output>
						</abstraction>
						<realizations>
							<service name="serv262686707"/>
							<service name="serv1717486550"/>
							<service name="serv1024802764"/>
							<service name="serv332118940"/>
							<service name="serv1786918783"/>
						</realizations>
					</serviceDesc>
					<serviceDesc>
						<abstraction>
							<input>
								<concept name="con1606477028"/>
								<concept name="con839241372"/>
								<concept name="con321673607"/>
							</input>
							<output>
								<concept name="con234013575"/>
							</output>
						</abstraction>
						<realizations>
							<service name="serv1094234997"/>
							<service name="serv401551173"/>
							<service name="serv1856351016"/>
							<service name="serv1163667230"/>
							<service name="serv470983406"/>
							<service name="serv1925783249"/>
						</realizations>
					</serviceDesc>
					<serviceDesc>
						<abstraction>
							<input>
								<concept name="con1606477028"/>
								<concept name="con839241372"/>
								<concept name="con321673607"/>
							</input>
							<output>
								<concept name="con34113525"/>
								<concept name="con1150969170"/>
							</output>
						</abstraction>
						<realizations>
							<service name="serv1233099463"/>
							<service name="serv540415639"/>
							<service name="serv1995215482"/>
						</realizations>
					</serviceDesc>
				</parallel>
				<parallel>
					<serviceDesc>
						<abstraction>
							<input>
								<concept name="con34113525"/>
								<concept name="con1150969170"/>
								<concept name="con234013575"/>
								<concept name="con468526674"/>
							</input>
							<output>
								<concept name="con189773419"/>
							</output>
						</abstraction>
						<realizations>
							<service name="serv1302531696"/>
							<service name="serv609847872"/>
							<service name="serv2064647715"/>
							<service name="serv1371963929"/>
							<service name="serv679280105"/>
						</realizations>
					</serviceDesc>
					<serviceDesc>
						<abstraction>
							<input>
								<concept name="con34113525"/>
								<concept name="con1150969170"/>
								<concept name="con234013575"/>
								<concept name="con468526674"/>
							</input>
							<output>
								<concept name="con42102126"/>
								<concept name="con1300074964"/>
							</output>
						</abstraction>
						<realizations>
							<service name="serv2134079948"/>
							<service name="serv1441396162"/>
						</realizations>
					</serviceDesc>
					<serviceDesc>
						<abstraction>
							<input>
								<concept name="con34113525"/>
								<concept name="con1150969170"/>
								<concept name="con234013575"/>
								<concept name="con468526674"/>
							</input>
							<output>
								<concept name="con568270583"/>
							</output>
						</abstraction>
						<realizations>
							<service name="serv748712338"/>
						</realizations>
					</serviceDesc>
				</parallel>
				<serviceDesc>
					<abstraction>
						<input>
							<concept name="con568270583"/>
							<concept name="con42102126"/>
							<concept name="con1300074964"/>
							<concept name="con189773419"/>
						</input>
						<output>
							<concept name="con2056251066"/>
							<concept name="con1596441835"/>
							<concept name="con1851231417"/>
						</output>
					</abstraction>
					<realizations>
						<service name="serv56028552"/>
						<service name="serv1510828395"/>
					</realizations>
				</serviceDesc>
				<parallel>
					<sequence>
						<serviceDesc>
							<abstraction>
								<input>
									<concept name="con2056251066"/>
									<concept name="con1596441835"/>
									<concept name="con1851231417"/>
								</input>
								<output>
									<concept name="con662690850"/>
									<concept name="con1039345465"/>
									<concept name="con1323218319"/>
								</output>
							</abstraction>
							<realizations>
								<service name="serv818144571"/>
							</realizations>
						</serviceDesc>
						<serviceDesc>
							<abstraction>
								<input>
									<concept name="con662690850"/>
									<concept name="con1039345465"/>
									<concept name="con1323218319"/>
								</input>
								<output>
									<concept name="con1018454799"/>
									<concept name="con258181291"/>
									<concept name="con283783508"/>
								</output>
							</abstraction>
							<realizations>
								<service name="serv125460785"/>
								<service name="serv1580260628"/>
							</realizations>
						</serviceDesc>
						<serviceDesc>
							<abstraction>
								<input>
									<concept name="con1018454799"/>
									<concept name="con258181291"/>
									<concept name="con283783508"/>
								</input>
								<output>
									<concept name="con214351275"/>
									<concept name="con1775245084"/>
									<concept name="con222747924"/>
								</output>
							</abstraction>
							<realizations>
								<service name="serv887576804"/>
							</realizations>
						</serviceDesc>
					</sequence>
				</parallel>
				<parallel>
					<serviceDesc>
						<abstraction>
							<input>
								<concept name="con214351275"/>
								<concept name="con1775245084"/>
								<concept name="con222747924"/>
								<concept name="con283783508"/>
							</input>
							<output>
								<concept name="con734171767"/>
								<concept name="con1148716481"/>
								<concept name="con918708798"/>
							</output>
						</abstraction>
						<realizations>
							<service name="serv194893018"/>
							<service name="serv1649692861"/>
						</realizations>
					</serviceDesc>
					<serviceDesc>
						<abstraction>
							<input>
								<concept name="con214351275"/>
								<concept name="con1775245084"/>
								<concept name="con222747924"/>
								<concept name="con283783508"/>
							</input>
							<output>
								<concept name="con873036233"/>
							</output>
						</abstraction>
						<realizations>
							<service name="serv957009037"/>
						</realizations>
					</serviceDesc>
					<serviceDesc>
						<abstraction>
							<input>
								<concept name="con214351275"/>
								<concept name="con1775245084"/>
								<concept name="con222747924"/>
								<concept name="con283783508"/>
							</input>
							<output>
								<concept name="con803193822"/>
								<concept name="con2125273159"/>
							</output>
						</abstraction>
						<realizations>
							<service name="serv264325251"/>
							<service name="serv1719125094"/>
						</realizations>
					</serviceDesc>
				</parallel>
				<serviceDesc>
					<abstraction>
						<input>
							<concept name="con803193822"/>
							<concept name="con2125273159"/>
							<concept name="con873036233"/>
							<concept name="con734171767"/>
							<concept name="con1148716481"/>
							<concept name="con918708798"/>
						</input>
						<output>
							<concept name="con454394151"/>
							<concept name="con1358241546"/>
							<concept name="con1774834944"/>
						</output>
					</abstraction>
					<realizations>
						<service name="serv1026441270"/>
					</realizations>
				</serviceDesc>
				<parallel>
					<serviceDesc>
						<abstraction>
							<input>
								<concept name="con454394151"/>
								<concept name="con1358241546"/>
								<concept name="con1774834944"/>
							</input>
							<output>
								<concept name="con566632039"/>
							</output>
						</abstraction>
						<realizations>
							<service name="serv333757484"/>
							<service name="serv1788557327"/>
						</realizations>
					</serviceDesc>
					<serviceDesc>
						<abstraction>
							<input>
								<concept name="con454394151"/>
								<concept name="con1358241546"/>
								<concept name="con1774834944"/>
							</input>
							<output>
								<concept name="con801965456"/>
								<concept name="con940419782"/>
							</output>
						</abstraction>
						<realizations>
							<service name="serv1095873503"/>
							<service name="serv403189717"/>
							<service name="serv1857989560"/>
							<service name="serv1165305736"/>
							<service name="serv472621950"/>
							<service name="serv1927421793"/>
							<service name="serv1234737969"/>
						</realizations>
					</serviceDesc>
					<serviceDesc>
						<abstraction>
							<input>
								<concept name="con454394151"/>
								<concept name="con1358241546"/>
								<concept name="con1774834944"/>
							</input>
							<output>
								<concept name="con1020911531"/>
							</output>
						</abstraction>
						<realizations>
							<service name="serv542054183"/>
							<service name="serv1996854026"/>
						</realizations>
					</serviceDesc>
				</parallel>
				<serviceDesc>
					<abstraction>
						<input>
							<concept name="con1020911531"/>
							<concept name="con801965456"/>
							<concept name="con940419782"/>
							<concept name="con566632039"/>
						</input>
						<output>
							<concept name="con1087066714"/>
							<concept name="con774314555"/>
							<concept name="con728846033"/>
						</output>
					</abstraction>
					<realizations>
						<service name="serv1304170202"/>
						<service name="serv611486416"/>
					</realizations>
				</serviceDesc>
				<serviceDesc>
					<abstraction>
						<input>
							<concept name="con1087066714"/>
							<concept name="con774314555"/>
							<concept name="con728846033"/>
						</input>
						<output>
							<concept name="con477743641"/>
						</output>
					</abstraction>
					<realizations>
						<service name="serv2066286259"/>
					</realizations>
				</serviceDesc>
			</sequence>
		</solution>
		<solution>
			<sequence>
				<parallel>
					<serviceDesc>
						<abstraction>
							<input>
								<concept name="con210256037"/>
								<concept name="con797253905"/>
								<concept name="con891470167"/>
								<concept name="con831048766"/>
								<concept name="con1319533221"/>
								<concept name="con1035250189"/>
								<concept name="con1692500646"/>
								<concept name="con84089593"/>
							</input>
							<output>
								<concept name="con729870356"/>
								<concept name="con1309702071"/>
							</output>
						</abstraction>
						<realizations>
							<service name="serv1373602435"/>
							<service name="serv680918649"/>
							<service name="serv2135718492"/>
						</realizations>
					</serviceDesc>
					<serviceDesc>
						<abstraction>
							<input>
								<concept name="con210256037"/>
								<concept name="con797253905"/>
								<concept name="con891470167"/>
								<concept name="con831048766"/>
								<concept name="con1319533221"/>
								<concept name="con1035250189"/>
								<concept name="con1692500646"/>
								<concept name="con84089593"/>
							</input>
							<output>
								<concept name="con1108981703"/>
							</output>
						</abstraction>
						<realizations>
							<service name="serv1443034668"/>
						</realizations>
					</serviceDesc>
				</parallel>
				<parallel>
					<sequence>
						<serviceDesc>
							<abstraction>
								<input>
									<concept name="con1108981703"/>
									<concept name="con729870356"/>
									<concept name="con1309702071"/>
								</input>
								<output>
									<concept name="con276411220"/>
									<concept name="con122593875"/>
									<concept name="con1878676183"/>
								</output>
							</abstraction>
							<realizations>
								<service name="serv750350882"/>
								<service name="serv57667058"/>
							</realizations>
						</serviceDesc>
						<serviceDesc>
							<abstraction>
								<input>
									<concept name="con276411220"/>
									<concept name="con122593875"/>
									<concept name="con1878676183"/>
								</input>
								<output>
									<concept name="con1130692687"/>
									<concept name="con2093733117"/>
									<concept name="con1921688011"/>
									<concept name="con1229414365"/>
								</output>
							</abstraction>
							<realizations>
								<service name="serv1512466901"/>
								<service name="serv819783115"/>
								<service name="serv127099291"/>
								<service name="serv1581899134"/>
							</realizations>
						</serviceDesc>
					</sequence>
				</parallel>
				<parallel>
					<serviceDesc>
						<abstraction>
							<input>
								<concept name="con1130692687"/>
								<concept name="con2093733117"/>
								<concept name="con1921688011"/>
								<concept name="con1229414365"/>
							</input>
							<output>
								<concept name="con463815123"/>
							</output>
						</abstraction>
						<realizations>
							<service name="serv889215348"/>
						</realizations>
					</serviceDesc>
					<serviceDesc>
						<abstraction>
							<input>
								<concept name="con1130692687"/>
								<concept name="con2093733117"/>
								<concept name="con1921688011"/>
								<concept name="con1229414365"/>
							</input>
							<output>
								<concept name="con1186606580"/>
								<concept name="con2116262327"/>
							</output>
						</abstraction>
						<realizations>
							<service name="serv196531524"/>
						</realizations>
					</serviceDesc>
				</parallel>
				<serviceDesc>
					<abstraction>
						<input>
							<concept name="con1186606580"/>
							<concept name="con2116262327"/>
							<concept name="con463815123"/>
						</input>
						<output>
							<concept name="con1661778830"/>
							<concept name="con916662206"/>
							<concept name="con1818050777"/>
						</output>
					</abstraction>
					<realizations>
						<service name="serv1651331367"/>
					</realizations>
				</serviceDesc>
				<parallel>
					<serviceDesc>
						<abstraction>
							<input>
								<concept name="con1661778830"/>
								<concept name="con916662206"/>
								<concept name="con1818050777"/>
							</input>
							<output>
								<concept name="con1830954934"/>
							</output>
						</abstraction>
						<realizations>
							<service name="serv958647581"/>
						</realizations>
					</serviceDesc>
					<serviceDesc>
						<abstraction>
							<input>
								<concept name="con1661778830"/>
								<concept name="con916662206"/>
								<concept name="con1818050777"/>
							</input>
							<output>
								<concept name="con356696834"/>
								<concept name="con2117900833"/>
							</output>
						</abstraction>
						<realizations>
							<service name="serv265963757"/>
						</realizations>
					</serviceDesc>
				</parallel>
				<parallel>
					<sequence>
						<serviceDesc>
							<abstraction>
								<input>
									<concept name="con356696834"/>
									<concept name="con2117900833"/>
									<concept name="con1830954934"/>
								</input>
								<output>
									<concept name="con1213847303"/>
									<concept name="con1469047063"/>
									<concept name="con2029420483"/>
								</output>
							</abstraction>
							<realizations>
								<service name="serv1720763600"/>
								<service name="serv1028079814"/>
							</realizations>
						</serviceDesc>
						<serviceDesc>
							<abstraction>
								<input>
									<concept name="con1213847303"/>
									<concept name="con1469047063"/>
									<concept name="con2029420483"/>
								</input>
								<output>
									<concept name="con1961626794"/>
									<concept name="con1715029818"/>
									<concept name="con78967902"/>
								</output>
							</abstraction>
							<realizations>
								<service name="serv335395990"/>
								<service name="serv1790195833"/>
							</realizations>
						</serviceDesc>
					</sequence>
				</parallel>
				<serviceDesc>
					<abstraction>
						<input>
							<concept name="con1961626794"/>
							<concept name="con1715029818"/>
							<concept name="con78967902"/>
						</input>
						<output>
							<concept name="con62992792"/>
							<concept name="con2108273726"/>
							<concept name="con395817391"/>
						</output>
					</abstraction>
					<realizations>
						<service name="serv1097512047"/>
						<service name="serv404828223"/>
						<service name="serv1859628066"/>
						<service name="serv1166944280"/>
						<service name="serv474260456"/>
						<service name="serv1929060299"/>
						<service name="serv1236376513"/>
						<service name="serv543692689"/>
						<service name="serv1998492532"/>
						<service name="serv1305808746"/>
					</realizations>
				</serviceDesc>
				<serviceDesc>
					<abstraction>
						<input>
							<concept name="con62992792"/>
							<concept name="con2108273726"/>
							<concept name="con395817391"/>
						</input>
						<output>
							<concept name="con232579074"/>
							<concept name="con10970170"/>
							<concept name="con587728840"/>
						</output>
					</abstraction>
					<realizations>
						<service name="serv613124922"/>
					</realizations>
				</serviceDesc>
				<serviceDesc>
					<abstraction>
						<input>
							<concept name="con232579074"/>
							<concept name="con10970170"/>
							<concept name="con587728840"/>
						</input>
						<output>
							<concept name="con10559992"/>
							<concept name="con1279798481"/>
							<concept name="con756700939"/>
							<concept name="con2089635749"/>
							<concept name="con1604838484"/>
						</output>
					</abstraction>
					<realizations>
						<service name="serv2067924765"/>
						<service name="serv1375240979"/>
					</realizations>
				</serviceDesc>
				<serviceDesc>
					<abstraction>
						<input>
							<concept name="con10559992"/>
							<concept name="con1279798481"/>
							<concept name="con756700939"/>
							<concept name="con2089635749"/>
							<concept name="con1604838484"/>
						</input>
						<output>
							<concept name="con735810273"/>
							<concept name="con2090660110"/>
							<concept name="con1438939430"/>
							<concept name="con1302737831"/>
						</output>
					</abstraction>
					<realizations>
						<service name="serv682557155"/>
						<service name="serv2137356998"/>
						<service name="serv1444673212"/>
						<service name="serv751989388"/>
						<service name="serv59305602"/>
						<service name="serv1514105445"/>
						<service name="serv821421621"/>
						<service name="serv128737835"/>
						<service name="serv1583537678"/>
					</realizations>
				</serviceDesc>
				<parallel>
					<serviceDesc>
						<abstraction>
							<input>
								<concept name="con735810273"/>
								<concept name="con2090660110"/>
								<concept name="con1438939430"/>
								<concept name="con1302737831"/>
							</input>
							<output>
								<concept name="con1835870528"/>
							</output>
						</abstraction>
						<realizations>
							<service name="serv890853854"/>
							<service name="serv198170068"/>
						</realizations>
					</serviceDesc>
					<serviceDesc>
						<abstraction>
							<input>
								<concept name="con735810273"/>
								<concept name="con2090660110"/>
								<concept name="con1438939430"/>
								<concept name="con1302737831"/>
							</input>
							<output>
								<concept name="con677847734"/>
								<concept name="con703857999"/>
							</output>
						</abstraction>
						<realizations>
							<service name="serv1652969911"/>
							<service name="serv960286087"/>
							<service name="serv267602301"/>
							<service name="serv1722402144"/>
							<service name="serv1029718320"/>
							<service name="serv337034534"/>
						</realizations>
					</serviceDesc>
				</parallel>
				<parallel>
					<serviceDesc>
						<abstraction>
							<input>
								<concept name="con677847734"/>
								<concept name="con703857999"/>
								<concept name="con1835870528"/>
							</input>
							<output>
								<concept name="con1936024577"/>
							</output>
						</abstraction>
						<realizations>
							<service name="serv1791834377"/>
							<service name="serv1099150553"/>
							<service name="serv406466767"/>
							<service name="serv1861266610"/>
							<service name="serv1168582786"/>
							<service name="serv475899000"/>
						</realizations>
					</serviceDesc>
					<serviceDesc>
						<abstraction>
							<input>
								<concept name="con677847734"/>
								<concept name="con703857999"/>
								<concept name="con1835870528"/>
							</input>
							<output>
								<concept name="con1383229580"/>
								<concept name="con1149126621"/>
							</output>
						</abstraction>
						<realizations>
							<service name="serv1930698843"/>
							<service name="serv1238015019"/>
							<service name="serv545331233"/>
							<service name="serv2000131076"/>
							<service name="serv1307447252"/>
							<service name="serv614763466"/>
						</realizations>
					</serviceDesc>
				</parallel>
				<serviceDesc>
					<abstraction>
						<input>
							<concept name="con1383229580"/>
							<concept name="con1149126621"/>
							<concept name="con1936024577"/>
						</input>
						<output>
							<concept name="con477743641"/>
						</output>
					</abstraction>
					<realizations>
						<service name="serv2069563309"/>
						<service name="serv1376879485"/>
					</realizations>
				</serviceDesc>
			</sequence>
		</solution>
	</solutions>
</problemStructure>