<?xml version="1.0" encoding="UTF-8"?>
<problemStructure>
	<task>
		<provided>
			<instance name="inst1121075464"/>
			<instance name="inst646109349"/>
		</provided>
		<wanted>
			<instance name="inst1784879983"/>
			<instance name="inst2067318374"/>
			<instance name="inst601048837"/>
		</wanted>
	</task>
	<solutions>
		<solution>
			<parallel>
				<sequence>
					<serviceDesc>
						<abstraction>
							<input>
								<concept name="con1368696763"/>
								<concept name="con2100909192"/>
							</input>
							<output>
								<concept name="con1972900199"/>
								<concept name="con874068348"/>
								<concept name="con699770515"/>
							</output>
						</abstraction>
						<realizations>
							<service name="serv1976585297"/>
							<service name="serv1283901511"/>
							<service name="serv591217687"/>
						</realizations>
					</serviceDesc>
					<serviceDesc>
						<abstraction>
							<input>
								<concept name="con1972900199"/>
								<concept name="con874068348"/>
								<concept name="con699770515"/>
							</input>
							<output>
								<concept name="con570123016"/>
								<concept name="con915031454"/>
								<concept name="con569508833"/>
							</output>
						</abstraction>
						<realizations>
							<service name="serv2046017530"/>
						</realizations>
					</serviceDesc>
					<serviceDesc>
						<abstraction>
							<input>
								<concept name="con570123016"/>
								<concept name="con915031454"/>
								<concept name="con569508833"/>
							</input>
							<output>
								<concept name="con1123328153"/>
								<concept name="con1194398930"/>
								<concept name="con291779901"/>
							</output>
						</abstraction>
						<realizations>
							<service name="serv1353333744"/>
							<service name="serv660649920"/>
							<service name="serv2115449763"/>
							<service name="serv1422765977"/>
							<service name="serv730082153"/>
						</realizations>
					</serviceDesc>
					<serviceDesc>
						<abstraction>
							<input>
								<concept name="con1123328153"/>
								<concept name="con1194398930"/>
								<concept name="con291779901"/>
							</input>
							<output>
								<concept name="con1027883563"/>
								<concept name="con1269975085"/>
								<concept name="con1147699912"/>
								<concept name="con680518355"/>
							</output>
						</abstraction>
						<realizations>
							<service name="serv37398367"/>
						</realizations>
					</serviceDesc>
					<serviceDesc>
						<abstraction>
							<input>
								<concept name="con1027883563"/>
								<concept name="con1269975085"/>
								<concept name="con1147699912"/>
								<concept name="con680518355"/>
							</input>
							<output>
								<concept name="con1553233794"/>
								<concept name="con767154064"/>
								<concept name="con958247287"/>
							</output>
						</abstraction>
						<realizations>
							<service name="serv1492198210"/>
						</realizations>
					</serviceDesc>
					<serviceDesc>
						<abstraction>
							<input>
								<concept name="con1553233794"/>
								<concept name="con767154064"/>
								<concept name="con958247287"/>
							</input>
							<output>
								<concept name="con1841204016"/>
								<concept name="con1080726503"/>
								<concept name="con2023284315"/>
							</output>
						</abstraction>
						<realizations>
							<service name="serv799514386"/>
						</realizations>
					</serviceDesc>
					<serviceDesc>
						<abstraction>
							<input>
								<concept name="con1841204016"/>
								<concept name="con1080726503"/>
								<concept name="con2023284315"/>
							</input>
							<output>
								<concept name="con556604638"/>
								<concept name="con1624918716"/>
								<concept name="con1768698776"/>
							</output>
						</abstraction>
						<realizations>
							<service name="serv106830600"/>
						</realizations>
					</serviceDesc>
					<serviceDesc>
						<abstraction>
							<input>
								<concept name="con556604638"/>
								<concept name="con1624918716"/>
								<concept name="con1768698776"/>
							</input>
							<output>
								<concept name="con2055848680"/>
							</output>
						</abstraction>
						<realizations>
							<service name="serv1561630443"/>
							<service name="serv868946619"/>
							<service name="serv176262833"/>
							<service name="serv1631062676"/>
						</realizations>
					</serviceDesc>
				</sequence>
				<sequence>
					<parallel>
						<sequence>
							<serviceDesc>
								<abstraction>
									<input>
										<concept name="con1368696763"/>
										<concept name="con2100909192"/>
									</input>
									<output>
										<concept name="con945139087"/>
										<concept name="con1972694064"/>
										<concept name="con2135522241"/>
									</output>
								</abstraction>
								<realizations>
									<service name="serv938378852"/>
									<service name="serv245695066"/>
									<service name="serv1700494909"/>
									<service name="serv1007811085"/>
								</realizations>
							</serviceDesc>
							<serviceDesc>
								<abstraction>
									<input>
										<concept name="con945139087"/>
										<concept name="con1972694064"/>
										<concept name="con2135522241"/>
									</input>
									<output>
										<concept name="con2120571492"/>
										<concept name="con2051139259"/>
										<concept name="con1132134980"/>
									</output>
								</abstraction>
								<realizations>
									<service name="serv315127299"/>
								</realizations>
							</serviceDesc>
						</sequence>
					</parallel>
					<serviceDesc>
						<abstraction>
							<input>
								<concept name="con2120571492"/>
								<concept name="con2051139259"/>
								<concept name="con1132134980"/>
							</input>
							<output>
								<concept name="con984667730"/>
								<concept name="con1173916312"/>
								<concept name="con1588052978"/>
							</output>
						</abstraction>
						<realizations>
							<service name="serv1769927142"/>
							<service name="serv1077243318"/>
							<service name="serv384559532"/>
							<service name="serv1839359375"/>
						</realizations>
					</serviceDesc>
					<parallel>
						<sequence>
							<serviceDesc>
								<abstraction>
									<input>
										<concept name="con984667730"/>
										<concept name="con1173916312"/>
										<concept name="con1588052978"/>
									</input>
									<output>
										<concept name="con264743183"/>
										<concept name="con455836406"/>
										<concept name="con652867454"/>
									</output>
								</abstraction>
								<realizations>
									<service name="serv1146675551"/>
									<service name="serv453991765"/>
									<service name="serv1908791608"/>
								</realizations>
							</serviceDesc>
							<serviceDesc>
								<abstraction>
									<input>
										<concept name="con264743183"/>
										<concept name="con455836406"/>
										<concept name="con652867454"/>
									</input>
									<output>
										<concept name="con2017958581"/>
										<concept name="con1292300252"/>
										<concept name="con57470807"/>
									</output>
								</abstraction>
								<realizations>
									<service name="serv1216107784"/>
									<service name="serv523423998"/>
								</realizations>
							</serviceDesc>
						</sequence>
					</parallel>
					<serviceDesc>
						<abstraction>
							<input>
								<concept name="con2017958581"/>
								<concept name="con1292300252"/>
								<concept name="con57470807"/>
							</input>
							<output>
								<concept name="con682156899"/>
								<concept name="con334175416"/>
								<concept name="con1995633414"/>
							</output>
						</abstraction>
						<realizations>
							<service name="serv1978223841"/>
							<service name="serv1285540017"/>
						</realizations>
					</serviceDesc>
					<serviceDesc>
						<abstraction>
							<input>
								<concept name="con682156899"/>
								<concept name="con334175416"/>
								<concept name="con1995633414"/>
							</input>
							<output>
								<concept name="con446005256"/>
								<concept name="con1515343695"/>
								<concept name="con289117034"/>
								<concept name="con426342956"/>
								<concept name="con338476789"/>
							</output>
						</abstraction>
						<realizations>
							<service name="serv592856231"/>
							<service name="serv2047656074"/>
							<service name="serv1354972250"/>
							<service name="serv662288464"/>
							<service name="serv2117088307"/>
							<service name="serv1424404483"/>
							<service name="serv731720697"/>
							<service name="serv39036873"/>
							<service name="serv1493836716"/>
						</realizations>
					</serviceDesc>
					<serviceDesc>
						<abstraction>
							<input>
								<concept name="con446005256"/>
								<concept name="con1515343695"/>
								<concept name="con289117034"/>
								<concept name="con426342956"/>
								<concept name="con338476789"/>
							</input>
							<output>
								<concept name="con1374634550"/>
							</output>
						</abstraction>
						<realizations>
							<service name="serv801152930"/>
						</realizations>
					</serviceDesc>
				</sequence>
				<sequence>
					<serviceDesc>
						<abstraction>
							<input>
								<concept name="con1368696763"/>
								<concept name="con2100909192"/>
							</input>
							<output>
								<concept name="con895573197"/>
								<concept name="con1676123150"/>
								<concept name="con285429806"/>
								<concept name="con2087390814"/>
							</output>
						</abstraction>
						<realizations>
							<service name="serv108469106"/>
						</realizations>
					</serviceDesc>
					<serviceDesc>
						<abstraction>
							<input>
								<concept name="con895573197"/>
								<concept name="con1676123150"/>
								<concept name="con285429806"/>
								<concept name="con2087390814"/>
							</input>
							<output>
								<concept name="con454197900"/>
								<concept name="con1306226678"/>
								<concept name="con1758253443"/>
							</output>
						</abstraction>
						<realizations>
							<service name="serv1563268949"/>
						</realizations>
					</serviceDesc>
					<serviceDesc>
						<abstraction>
							<input>
								<concept name="con454197900"/>
								<concept name="con1306226678"/>
								<concept name="con1758253443"/>
							</input>
							<output>
								<concept name="con852357364"/>
								<concept name="con1802083459"/>
								<concept name="con1335516085"/>
							</output>
						</abstraction>
						<realizations>
							<service name="serv870585163"/>
						</realizations>
					</serviceDesc>
					<serviceDesc>
						<abstraction>
							<input>
								<concept name="con852357364"/>
								<concept name="con1802083459"/>
								<concept name="con1335516085"/>
							</input>
							<output>
								<concept name="con1092196197"/>
							</output>
						</abstraction>
						<realizations>
							<service name="serv177901339"/>
							<service name="serv1632701182"/>
							<service name="serv940017396"/>
						</realizations>
					</serviceDesc>
				</sequence>
			</parallel>
		</solution>
		<solution>
			<sequence>
				<serviceDesc>
					<abstraction>
						<input>
							<concept name="con1368696763"/>
							<concept name="con2100909192"/>
						</input>
						<output>
							<concept name="con1822359942"/>
							<concept name="con98229908"/>
							<concept name="con384151484"/>
						</output>
					</abstraction>
					<realizations>
						<service name="serv247333572"/>
						<service name="serv1702133415"/>
						<service name="serv1009449629"/>
					</realizations>
				</serviceDesc>
				<parallel>
					<serviceDesc>
						<abstraction>
							<input>
								<concept name="con1822359942"/>
								<concept name="con98229908"/>
								<concept name="con384151484"/>
							</input>
							<output>
								<concept name="con418968538"/>
								<concept name="con1196037436"/>
								<concept name="con1606076734"/>
							</output>
						</abstraction>
						<realizations>
							<service name="serv316765805"/>
							<service name="serv1771565648"/>
							<service name="serv1078881862"/>
						</realizations>
					</serviceDesc>
					<serviceDesc>
						<abstraction>
							<input>
								<concept name="con1822359942"/>
								<concept name="con98229908"/>
								<concept name="con384151484"/>
							</input>
							<output>
								<concept name="con1749856794"/>
							</output>
						</abstraction>
						<realizations>
							<service name="serv386198038"/>
						</realizations>
					</serviceDesc>
					<serviceDesc>
						<abstraction>
							<input>
								<concept name="con1822359942"/>
								<concept name="con98229908"/>
								<concept name="con384151484"/>
							</input>
							<output>
								<concept name="con359573590"/>
								<concept name="con369404740"/>
							</output>
						</abstraction>
						<realizations>
							<service name="serv1840997881"/>
							<service name="serv1148314095"/>
							<service name="serv455630271"/>
							<service name="serv1910430114"/>
						</realizations>
					</serviceDesc>
				</parallel>
				<serviceDesc>
					<abstraction>
						<input>
							<concept name="con359573590"/>
							<concept name="con369404740"/>
							<concept name="con1749856794"/>
							<concept name="con418968538"/>
							<concept name="con1196037436"/>
							<concept name="con1606076734"/>
						</input>
						<output>
							<concept name="con1602799684"/>
							<concept name="con361212134"/>
							<concept name="con131614591"/>
							<concept name="con844574898"/>
						</output>
					</abstraction>
					<realizations>
						<service name="serv1217746328"/>
					</realizations>
				</serviceDesc>
				<parallel>
					<serviceDesc>
						<abstraction>
							<input>
								<concept name="con1602799684"/>
								<concept name="con361212134"/>
								<concept name="con131614591"/>
								<concept name="con844574898"/>
							</input>
							<output>
								<concept name="con1739819509"/>
							</output>
						</abstraction>
						<realizations>
							<service name="serv525062504"/>
							<service name="serv1979862347"/>
							<service name="serv1287178561"/>
							<service name="serv594494737"/>
						</realizations>
					</serviceDesc>
					<sequence>
						<serviceDesc>
							<abstraction>
								<input>
									<concept name="con1602799684"/>
									<concept name="con361212134"/>
									<concept name="con131614591"/>
									<concept name="con844574898"/>
								</input>
								<output>
									<concept name="con1529884266"/>
									<concept name="con2022463997"/>
									<concept name="con1133159303"/>
								</output>
							</abstraction>
							<realizations>
								<service name="serv2049294580"/>
								<service name="serv1356610794"/>
							</realizations>
						</serviceDesc>
						<serviceDesc>
							<abstraction>
								<input>
									<concept name="con1529884266"/>
									<concept name="con2022463997"/>
									<concept name="con1133159303"/>
								</input>
								<output>
									<concept name="con1582113061"/>
								</output>
							</abstraction>
							<realizations>
								<service name="serv663926970"/>
								<service name="serv2118726813"/>
								<service name="serv1426043027"/>
								<service name="serv733359203"/>
							</realizations>
						</serviceDesc>
					</sequence>
					<serviceDesc>
						<abstraction>
							<input>
								<concept name="con1602799684"/>
								<concept name="con361212134"/>
								<concept name="con131614591"/>
								<concept name="con844574898"/>
							</input>
							<output>
								<concept name="con1834035733"/>
								<concept name="con459113456"/>
								<concept name="con1963069049"/>
							</output>
						</abstraction>
						<realizations>
							<service name="serv40675417"/>
							<service name="serv1495475260"/>
						</realizations>
					</serviceDesc>
					<serviceDesc>
						<abstraction>
							<input>
								<concept name="con1602799684"/>
								<concept name="con361212134"/>
								<concept name="con131614591"/>
								<concept name="con844574898"/>
							</input>
							<output>
								<concept name="con27159169"/>
								<concept name="con1302131402"/>
							</output>
						</abstraction>
						<realizations>
							<service name="serv802791436"/>
						</realizations>
					</serviceDesc>
				</parallel>
				<parallel>
					<serviceDesc>
						<abstraction>
							<input>
								<concept name="con27159169"/>
								<concept name="con1302131402"/>
								<concept name="con1834035733"/>
								<concept name="con459113456"/>
								<concept name="con1963069049"/>
								<concept name="con1582113061"/>
								<concept name="con1739819509"/>
							</input>
							<output>
								<concept name="con1882167160"/>
							</output>
						</abstraction>
						<realizations>
							<service name="serv110107650"/>
							<service name="serv1564907493"/>
						</realizations>
					</serviceDesc>
					<serviceDesc>
						<abstraction>
							<input>
								<concept name="con27159169"/>
								<concept name="con1302131402"/>
								<concept name="con1834035733"/>
								<concept name="con459113456"/>
								<concept name="con1963069049"/>
								<concept name="con1582113061"/>
								<concept name="con1739819509"/>
							</input>
							<output>
								<concept name="con427981500"/>
								<concept name="con1070281170"/>
							</output>
						</abstraction>
						<realizations>
							<service name="serv872223669"/>
							<service name="serv179539883"/>
							<service name="serv1634339726"/>
							<service name="serv941655902"/>
						</realizations>
					</serviceDesc>
					<serviceDesc>
						<abstraction>
							<input>
								<concept name="con27159169"/>
								<concept name="con1302131402"/>
								<concept name="con1834035733"/>
								<concept name="con459113456"/>
								<concept name="con1963069049"/>
								<concept name="con1582113061"/>
								<concept name="con1739819509"/>
							</input>
							<output>
								<concept name="con1967574465"/>
							</output>
						</abstraction>
						<realizations>
							<service name="serv248972116"/>
						</realizations>
					</serviceDesc>
					<serviceDesc>
						<abstraction>
							<input>
								<concept name="con27159169"/>
								<concept name="con1302131402"/>
								<concept name="con1834035733"/>
								<concept name="con459113456"/>
								<concept name="con1963069049"/>
								<concept name="con1582113061"/>
								<concept name="con1739819509"/>
							</input>
							<output>
								<concept name="con241599790"/>
								<concept name="con84711568"/>
								<concept name="con1818468709"/>
							</output>
						</abstraction>
						<realizations>
							<service name="serv1703771959"/>
						</realizations>
					</serviceDesc>
				</parallel>
				<parallel>
					<sequence>
						<serviceDesc>
							<abstraction>
								<input>
									<concept name="con241599790"/>
									<concept name="con84711568"/>
									<concept name="con1818468709"/>
									<concept name="con1967574465"/>
									<concept name="con427981500"/>
									<concept name="con1070281170"/>
									<concept name="con1882167160"/>
								</input>
								<output>
									<concept name="con570327021"/>
									<concept name="con1141966130"/>
									<concept name="con2101933515"/>
									<concept name="con1753748027"/>
								</output>
							</abstraction>
							<realizations>
								<service name="serv1011088135"/>
							</realizations>
						</serviceDesc>
						<serviceDesc>
							<abstraction>
								<input>
									<concept name="con570327021"/>
									<concept name="con1141966130"/>
									<concept name="con2101933515"/>
									<concept name="con1753748027"/>
								</input>
								<output>
									<concept name="con1759687944"/>
								</output>
							</abstraction>
							<realizations>
								<service name="serv318404349"/>
								<service name="serv1773204192"/>
							</realizations>
						</serviceDesc>
					</sequence>
					<serviceDesc>
						<abstraction>
							<input>
								<concept name="con241599790"/>
								<concept name="con84711568"/>
								<concept name="con1818468709"/>
								<concept name="con1967574465"/>
								<concept name="con427981500"/>
								<concept name="con1070281170"/>
								<concept name="con1882167160"/>
							</input>
							<output>
								<concept name="con658603366"/>
								<concept name="con1613245017"/>
								<concept name="con1119844968"/>
							</output>
						</abstraction>
						<realizations>
							<service name="serv1080520368"/>
						</realizations>
					</serviceDesc>
				</parallel>
				<parallel>
					<serviceDesc>
						<abstraction>
							<input>
								<concept name="con658603366"/>
								<concept name="con1613245017"/>
								<concept name="con1119844968"/>
								<concept name="con1759687944"/>
							</input>
							<output>
								<concept name="con1374634550"/>
								<concept name="con2055848680"/>
							</output>
						</abstraction>
						<realizations>
							<service name="serv387836582"/>
						</realizations>
					</serviceDesc>
					<sequence>
						<serviceDesc>
							<abstraction>
								<input>
									<concept name="con658603366"/>
									<concept name="con1613245017"/>
									<concept name="con1119844968"/>
									<concept name="con1759687944"/>
								</input>
								<output>
									<concept name="con952511413"/>
									<concept name="con495775189"/>
									<concept name="con998186070"/>
								</output>
							</abstraction>
							<realizations>
								<service name="serv1842636425"/>
								<service name="serv1149952601"/>
							</realizations>
						</serviceDesc>
						<serviceDesc>
							<abstraction>
								<input>
									<concept name="con952511413"/>
									<concept name="con495775189"/>
									<concept name="con998186070"/>
								</input>
								<output>
									<concept name="con1092196197"/>
								</output>
							</abstraction>
							<realizations>
								<service name="serv457268815"/>
							</realizations>
						</serviceDesc>
					</sequence>
				</parallel>
			</sequence>
		</solution>
	</solutions>
</problemStructure>