<?xml version="1.0" encoding="UTF-8"?>
<problemStructure>
	<task>
		<provided>
			<instance name="inst310981225"/>
			<instance name="inst1196190643"/>
			<instance name="inst426906341"/>
		</provided>
		<wanted>
			<instance name="inst1589230508"/>
		</wanted>
	</task>
	<solutions>
		<solution>
			<sequence>
				<parallel>
					<serviceDesc>
						<abstraction>
							<input>
								<concept name="con1852622874"/>
								<concept name="con1958306700"/>
								<concept name="con1881706184"/>
							</input>
							<output>
								<concept name="con1575097985"/>
								<concept name="con424447479"/>
								<concept name="con1126758410"/>
								<concept name="con148153048"/>
								<concept name="con709344694"/>
							</output>
						</abstraction>
						<realizations>
							<service name="serv1835621349"/>
						</realizations>
					</serviceDesc>
					<sequence>
						<serviceDesc>
							<abstraction>
								<input>
									<concept name="con1852622874"/>
									<concept name="con1958306700"/>
									<concept name="con1881706184"/>
								</input>
								<output>
									<concept name="con1789334601"/>
									<concept name="con713442062"/>
									<concept name="con1489280502"/>
								</output>
							</abstraction>
							<realizations>
								<service name="serv1142937525"/>
								<service name="serv450253739"/>
								<service name="serv1905053582"/>
							</realizations>
						</serviceDesc>
						<serviceDesc>
							<abstraction>
								<input>
									<concept name="con1789334601"/>
									<concept name="con713442062"/>
									<concept name="con1489280502"/>
								</input>
								<output>
									<concept name="con823837439"/>
									<concept name="con2078327054"/>
									<concept name="con964340411"/>
								</output>
							</abstraction>
							<realizations>
								<service name="serv1212369758"/>
								<service name="serv519685972"/>
							</realizations>
						</serviceDesc>
						<serviceDesc>
							<abstraction>
								<input>
									<concept name="con823837439"/>
									<concept name="con2078327054"/>
									<concept name="con964340411"/>
								</input>
								<output>
									<concept name="con762597812"/>
									<concept name="con1233670602"/>
									<concept name="con1584314952"/>
									<concept name="con365460579"/>
								</output>
							</abstraction>
							<realizations>
								<service name="serv1974485815"/>
							</realizations>
						</serviceDesc>
					</sequence>
				</parallel>
				<parallel>
					<serviceDesc>
						<abstraction>
							<input>
								<concept name="con762597812"/>
								<concept name="con1233670602"/>
								<concept name="con1584314952"/>
								<concept name="con365460579"/>
								<concept name="con1575097985"/>
								<concept name="con424447479"/>
								<concept name="con1126758410"/>
								<concept name="con148153048"/>
								<concept name="con709344694"/>
							</input>
							<output>
								<concept name="con609804828"/>
								<concept name="con408882547"/>
								<concept name="con689888529"/>
							</output>
						</abstraction>
						<realizations>
							<service name="serv1281801991"/>
							<service name="serv589118205"/>
						</realizations>
					</serviceDesc>
					<serviceDesc>
						<abstraction>
							<input>
								<concept name="con762597812"/>
								<concept name="con1233670602"/>
								<concept name="con1584314952"/>
								<concept name="con365460579"/>
								<concept name="con1575097985"/>
								<concept name="con424447479"/>
								<concept name="con1126758410"/>
								<concept name="con148153048"/>
								<concept name="con709344694"/>
							</input>
							<output>
								<concept name="con1517953634"/>
								<concept name="con1327680691"/>
							</output>
						</abstraction>
						<realizations>
							<service name="serv2043918048"/>
						</realizations>
					</serviceDesc>
				</parallel>
				<parallel>
					<serviceDesc>
						<abstraction>
							<input>
								<concept name="con1517953634"/>
								<concept name="con1327680691"/>
								<concept name="con609804828"/>
								<concept name="con408882547"/>
								<concept name="con689888529"/>
							</input>
							<output>
								<concept name="con1365366785"/>
								<concept name="con348257141"/>
							</output>
						</abstraction>
						<realizations>
							<service name="serv1351234224"/>
							<service name="serv658550438"/>
						</realizations>
					</serviceDesc>
					<serviceDesc>
						<abstraction>
							<input>
								<concept name="con1517953634"/>
								<concept name="con1327680691"/>
								<concept name="con609804828"/>
								<concept name="con408882547"/>
								<concept name="con689888529"/>
							</input>
							<output>
								<concept name="con1139046292"/>
								<concept name="con2133218716"/>
							</output>
						</abstraction>
						<realizations>
							<service name="serv2113350281"/>
						</realizations>
					</serviceDesc>
					<serviceDesc>
						<abstraction>
							<input>
								<concept name="con1517953634"/>
								<concept name="con1327680691"/>
								<concept name="con609804828"/>
								<concept name="con408882547"/>
								<concept name="con689888529"/>
							</input>
							<output>
								<concept name="con344365908"/>
							</output>
						</abstraction>
						<realizations>
							<service name="serv1420666457"/>
							<service name="serv727982671"/>
							<service name="serv35298847"/>
						</realizations>
					</serviceDesc>
				</parallel>
				<parallel>
					<sequence>
						<parallel>
							<serviceDesc>
								<abstraction>
									<input>
										<concept name="con344365908"/>
										<concept name="con1139046292"/>
										<concept name="con2133218716"/>
										<concept name="con1365366785"/>
										<concept name="con348257141"/>
									</input>
									<output>
										<concept name="con907810243"/>
									</output>
								</abstraction>
								<realizations>
									<service name="serv1490098690"/>
									<service name="serv797414904"/>
								</realizations>
							</serviceDesc>
							<serviceDesc>
								<abstraction>
									<input>
										<concept name="con344365908"/>
										<concept name="con1139046292"/>
										<concept name="con2133218716"/>
										<concept name="con1365366785"/>
										<concept name="con348257141"/>
									</input>
									<output>
										<concept name="con1941101132"/>
									</output>
								</abstraction>
								<realizations>
									<service name="serv104731080"/>
									<service name="serv1559530923"/>
								</realizations>
							</serviceDesc>
							<serviceDesc>
								<abstraction>
									<input>
										<concept name="con344365908"/>
										<concept name="con1139046292"/>
										<concept name="con2133218716"/>
										<concept name="con1365366785"/>
										<concept name="con348257141"/>
									</input>
									<output>
										<concept name="con889992622"/>
										<concept name="con884870893"/>
									</output>
								</abstraction>
								<realizations>
									<service name="serv866847137"/>
								</realizations>
							</serviceDesc>
						</parallel>
						<serviceDesc>
							<abstraction>
								<input>
									<concept name="con889992622"/>
									<concept name="con884870893"/>
									<concept name="con1941101132"/>
									<concept name="con907810243"/>
								</input>
								<output>
									<concept name="con77286314"/>
									<concept name="con276572181"/>
									<concept name="con1795682566"/>
									<concept name="con1319488085"/>
									<concept name="con718561661"/>
								</output>
							</abstraction>
							<realizations>
								<service name="serv174163313"/>
								<service name="serv1628963156"/>
							</realizations>
						</serviceDesc>
					</sequence>
				</parallel>
				<parallel>
					<sequence>
						<parallel>
							<sequence>
								<serviceDesc>
									<abstraction>
										<input>
											<concept name="con77286314"/>
											<concept name="con276572181"/>
											<concept name="con1795682566"/>
											<concept name="con1319488085"/>
											<concept name="con718561661"/>
										</input>
										<output>
											<concept name="con628442805"/>
											<concept name="con1951956605"/>
											<concept name="con1126962453"/>
										</output>
									</abstraction>
									<realizations>
										<service name="serv936279370"/>
										<service name="serv243595546"/>
										<service name="serv1698395389"/>
										<service name="serv1005711603"/>
									</realizations>
								</serviceDesc>
								<serviceDesc>
									<abstraction>
										<input>
											<concept name="con628442805"/>
											<concept name="con1951956605"/>
											<concept name="con1126962453"/>
										</input>
										<output>
											<concept name="con29769108"/>
											<concept name="con1080469570"/>
											<concept name="con147538865"/>
										</output>
									</abstraction>
									<realizations>
										<service name="serv313027779"/>
										<service name="serv1767827622"/>
										<service name="serv1075143836"/>
										<service name="serv382460012"/>
									</realizations>
								</serviceDesc>
							</sequence>
						</parallel>
						<parallel>
							<serviceDesc>
								<abstraction>
									<input>
										<concept name="con29769108"/>
										<concept name="con1080469570"/>
										<concept name="con147538865"/>
									</input>
									<output>
										<concept name="con322858929"/>
										<concept name="con947749026"/>
									</output>
								</abstraction>
								<realizations>
									<service name="serv1837259855"/>
									<service name="serv1144576069"/>
									<service name="serv451892245"/>
								</realizations>
							</serviceDesc>
							<serviceDesc>
								<abstraction>
									<input>
										<concept name="con29769108"/>
										<concept name="con1080469570"/>
										<concept name="con147538865"/>
									</input>
									<output>
										<concept name="con1166901236"/>
										<concept name="con1824561833"/>
										<concept name="con483230374"/>
									</output>
								</abstraction>
								<realizations>
									<service name="serv1906692088"/>
								</realizations>
							</serviceDesc>
						</parallel>
					</sequence>
				</parallel>
				<parallel>
					<serviceDesc>
						<abstraction>
							<input>
								<concept name="con1166901236"/>
								<concept name="con1824561833"/>
								<concept name="con483230374"/>
								<concept name="con322858929"/>
								<concept name="con947749026"/>
							</input>
							<output>
								<concept name="con535252996"/>
								<concept name="con1084974986"/>
							</output>
						</abstraction>
						<realizations>
							<service name="serv1214008302"/>
						</realizations>
					</serviceDesc>
					<serviceDesc>
						<abstraction>
							<input>
								<concept name="con1166901236"/>
								<concept name="con1824561833"/>
								<concept name="con483230374"/>
								<concept name="con322858929"/>
								<concept name="con947749026"/>
							</input>
							<output>
								<concept name="con1362703918"/>
								<concept name="con1475762124"/>
							</output>
						</abstraction>
						<realizations>
							<service name="serv521324478"/>
							<service name="serv1976124321"/>
						</realizations>
					</serviceDesc>
					<serviceDesc>
						<abstraction>
							<input>
								<concept name="con1166901236"/>
								<concept name="con1824561833"/>
								<concept name="con483230374"/>
								<concept name="con322858929"/>
								<concept name="con947749026"/>
							</input>
							<output>
								<concept name="con1428859101"/>
							</output>
						</abstraction>
						<realizations>
							<service name="serv1283440535"/>
						</realizations>
					</serviceDesc>
					<serviceDesc>
						<abstraction>
							<input>
								<concept name="con1166901236"/>
								<concept name="con1824561833"/>
								<concept name="con483230374"/>
								<concept name="con322858929"/>
								<concept name="con947749026"/>
							</input>
							<output>
								<concept name="con1022096853"/>
							</output>
						</abstraction>
						<realizations>
							<service name="serv590756711"/>
						</realizations>
					</serviceDesc>
				</parallel>
				<parallel>
					<serviceDesc>
						<abstraction>
							<input>
								<concept name="con1022096853"/>
								<concept name="con1428859101"/>
								<concept name="con1362703918"/>
								<concept name="con1475762124"/>
								<concept name="con535252996"/>
								<concept name="con1084974986"/>
							</input>
							<output>
								<concept name="con850872027"/>
								<concept name="con1193117636"/>
							</output>
						</abstraction>
						<realizations>
							<service name="serv2045556554"/>
							<service name="serv1352872768"/>
							<service name="serv660188944"/>
						</realizations>
					</serviceDesc>
					<serviceDesc>
						<abstraction>
							<input>
								<concept name="con1022096853"/>
								<concept name="con1428859101"/>
								<concept name="con1362703918"/>
								<concept name="con1475762124"/>
								<concept name="con535252996"/>
								<concept name="con1084974986"/>
							</input>
							<output>
								<concept name="con283740464"/>
							</output>
						</abstraction>
						<realizations>
							<service name="serv2114988787"/>
							<service name="serv1422305001"/>
							<service name="serv729621177"/>
							<service name="serv36937391"/>
							<service name="serv1491737234"/>
							<service name="serv799053410"/>
						</realizations>
					</serviceDesc>
				</parallel>
				<parallel>
					<serviceDesc>
						<abstraction>
							<input>
								<concept name="con283740464"/>
								<concept name="con850872027"/>
								<concept name="con1193117636"/>
							</input>
							<output>
								<concept name="con2100652221"/>
							</output>
						</abstraction>
						<realizations>
							<service name="serv106369624"/>
							<service name="serv1561169467"/>
							<service name="serv868485643"/>
							<service name="serv175801857"/>
							<service name="serv1630601700"/>
							<service name="serv937917876"/>
						</realizations>
					</serviceDesc>
					<serviceDesc>
						<abstraction>
							<input>
								<concept name="con283740464"/>
								<concept name="con850872027"/>
								<concept name="con1193117636"/>
							</input>
							<output>
								<concept name="con744367921"/>
							</output>
						</abstraction>
						<realizations>
							<service name="serv245234090"/>
							<service name="serv1700033933"/>
						</realizations>
					</serviceDesc>
					<serviceDesc>
						<abstraction>
							<input>
								<concept name="con283740464"/>
								<concept name="con850872027"/>
								<concept name="con1193117636"/>
							</input>
							<output>
								<concept name="con808066372"/>
								<concept name="con1848729549"/>
							</output>
						</abstraction>
						<realizations>
							<service name="serv1007350109"/>
						</realizations>
					</serviceDesc>
				</parallel>
				<parallel>
					<sequence>
						<serviceDesc>
							<abstraction>
								<input>
									<concept name="con808066372"/>
									<concept name="con1848729549"/>
									<concept name="con744367921"/>
									<concept name="con2100652221"/>
								</input>
								<output>
									<concept name="con1826814522"/>
									<concept name="con602226405"/>
									<concept name="con1079445209"/>
								</output>
							</abstraction>
							<realizations>
								<service name="serv314666323"/>
								<service name="serv1769466166"/>
							</realizations>
						</serviceDesc>
						<serviceDesc>
							<abstraction>
								<input>
									<concept name="con1826814522"/>
									<concept name="con602226405"/>
									<concept name="con1079445209"/>
								</input>
								<output>
									<concept name="con412977823"/>
									<concept name="con326956297"/>
									<concept name="con2126458481"/>
								</output>
							</abstraction>
							<realizations>
								<service name="serv1076782342"/>
								<service name="serv384098556"/>
							</realizations>
						</serviceDesc>
					</sequence>
				</parallel>
				<parallel>
					<serviceDesc>
						<abstraction>
							<input>
								<concept name="con412977823"/>
								<concept name="con326956297"/>
								<concept name="con2126458481"/>
							</input>
							<output>
								<concept name="con234788757"/>
							</output>
						</abstraction>
						<realizations>
							<service name="serv1838898399"/>
							<service name="serv1146214575"/>
							<service name="serv453530789"/>
							<service name="serv1908330632"/>
						</realizations>
					</serviceDesc>
					<serviceDesc>
						<abstraction>
							<input>
								<concept name="con412977823"/>
								<concept name="con326956297"/>
								<concept name="con2126458481"/>
							</input>
							<output>
								<concept name="con422808973"/>
								<concept name="con790246621"/>
							</output>
						</abstraction>
						<realizations>
							<service name="serv1215646808"/>
							<service name="serv522963022"/>
							<service name="serv1977762865"/>
							<service name="serv1285079041"/>
							<service name="serv592395255"/>
							<service name="serv2047195098"/>
							<service name="serv1354511274"/>
						</realizations>
					</serviceDesc>
					<serviceDesc>
						<abstraction>
							<input>
								<concept name="con412977823"/>
								<concept name="con326956297"/>
								<concept name="con2126458481"/>
							</input>
							<output>
								<concept name="con858040310"/>
							</output>
						</abstraction>
						<realizations>
							<service name="serv661827488"/>
							<service name="serv2116627331"/>
							<service name="serv1423943507"/>
							<service name="serv731259721"/>
						</realizations>
					</serviceDesc>
				</parallel>
				<parallel>
					<serviceDesc>
						<abstraction>
							<input>
								<concept name="con858040310"/>
								<concept name="con422808973"/>
								<concept name="con790246621"/>
								<concept name="con234788757"/>
							</input>
							<output>
								<concept name="con760138988"/>
								<concept name="con545288189"/>
							</output>
						</abstraction>
						<realizations>
							<service name="serv38575897"/>
							<service name="serv1493375740"/>
							<service name="serv800691954"/>
							<service name="serv108008130"/>
						</realizations>
					</serviceDesc>
					<serviceDesc>
						<abstraction>
							<input>
								<concept name="con858040310"/>
								<concept name="con422808973"/>
								<concept name="con790246621"/>
								<concept name="con234788757"/>
							</input>
							<output>
								<concept name="con1236333469"/>
								<concept name="con631105672"/>
							</output>
						</abstraction>
						<realizations>
							<service name="serv1562807973"/>
						</realizations>
					</serviceDesc>
				</parallel>
				<serviceDesc>
					<abstraction>
						<input>
							<concept name="con1236333469"/>
							<concept name="con631105672"/>
							<concept name="con760138988"/>
							<concept name="con545288189"/>
						</input>
						<output>
							<concept name="con131971841"/>
							<concept name="con255885558"/>
							<concept name="con616358928"/>
						</output>
					</abstraction>
					<realizations>
						<service name="serv870124187"/>
					</realizations>
				</serviceDesc>
				<parallel>
					<sequence>
						<serviceDesc>
							<abstraction>
								<input>
									<concept name="con131971841"/>
									<concept name="con255885558"/>
									<concept name="con616358928"/>
								</input>
								<output>
									<concept name="con15842682"/>
									<concept name="con1986775789"/>
									<concept name="con2016473282"/>
								</output>
							</abstraction>
							<realizations>
								<service name="serv177440363"/>
								<service name="serv1632240206"/>
							</realizations>
						</serviceDesc>
						<serviceDesc>
							<abstraction>
								<input>
									<concept name="con15842682"/>
									<concept name="con1986775789"/>
									<concept name="con2016473282"/>
								</input>
								<output>
									<concept name="con1847911323"/>
									<concept name="con1434594975"/>
								</output>
							</abstraction>
							<realizations>
								<service name="serv939556420"/>
								<service name="serv246872596"/>
							</realizations>
						</serviceDesc>
					</sequence>
				</parallel>
				<parallel>
					<serviceDesc>
						<abstraction>
							<input>
								<concept name="con1847911323"/>
								<concept name="con1434594975"/>
								<concept name="con2016473282"/>
							</input>
							<output>
								<concept name="con589938523"/>
								<concept name="con247692914"/>
							</output>
						</abstraction>
						<realizations>
							<service name="serv1701672439"/>
							<service name="serv1008988653"/>
							<service name="serv316304829"/>
							<service name="serv1771104672"/>
						</realizations>
					</serviceDesc>
					<serviceDesc>
						<abstraction>
							<input>
								<concept name="con1847911323"/>
								<concept name="con1434594975"/>
								<concept name="con2016473282"/>
							</input>
							<output>
								<concept name="con72166715"/>
							</output>
						</abstraction>
						<realizations>
							<service name="serv1078420886"/>
							<service name="serv385737062"/>
							<service name="serv1840536905"/>
							<service name="serv1147853119"/>
						</realizations>
					</serviceDesc>
				</parallel>
				<serviceDesc>
					<abstraction>
						<input>
							<concept name="con72166715"/>
							<concept name="con589938523"/>
							<concept name="con247692914"/>
						</input>
						<output>
							<concept name="con728802989"/>
							<concept name="con250969964"/>
							<concept name="con639094273"/>
						</output>
					</abstraction>
					<realizations>
						<service name="serv455169295"/>
						<service name="serv1909969138"/>
						<service name="serv1217285352"/>
						<service name="serv524601528"/>
						<service name="serv1979401371"/>
						<service name="serv1286717585"/>
					</realizations>
				</serviceDesc>
				<serviceDesc>
					<abstraction>
						<input>
							<concept name="con728802989"/>
							<concept name="con250969964"/>
							<concept name="con639094273"/>
						</input>
						<output>
							<concept name="con896546722"/>
						</output>
					</abstraction>
					<realizations>
						<service name="serv594033761"/>
						<service name="serv2048833604"/>
						<service name="serv1356149818"/>
					</realizations>
				</serviceDesc>
			</sequence>
		</solution>
	</solutions>
</problemStructure>