<?xml version="1.0" encoding="UTF-8"?>
<problemStructure>
	<task>
		<provided>
			<instance name="inst1926141668"/>
			<instance name="inst395151449"/>
			<instance name="inst1557679659"/>
		</provided>
		<wanted>
			<instance name="inst1913443608"/>
			<instance name="inst664891780"/>
		</wanted>
	</task>
	<solutions>
		<solution>
			<sequence>
				<serviceDesc>
					<abstraction>
						<input>
							<concept name="con1653328292"/>
							<concept name="con1849951292"/>
							<concept name="con241744282"/>
						</input>
						<output>
							<concept name="con534630098"/>
							<concept name="con1017378679"/>
							<concept name="con1224036872"/>
						</output>
					</abstraction>
					<realizations>
						<service name="serv212250832"/>
						<service name="serv1667050675"/>
					</realizations>
				</serviceDesc>
				<serviceDesc>
					<abstraction>
						<input>
							<concept name="con534630098"/>
							<concept name="con1017378679"/>
							<concept name="con1224036872"/>
						</input>
						<output>
							<concept name="con1461416843"/>
							<concept name="con639699741"/>
							<concept name="con312200876"/>
						</output>
					</abstraction>
					<realizations>
						<service name="serv974366889"/>
						<service name="serv281683065"/>
						<service name="serv1736482908"/>
						<service name="serv1043799122"/>
						<service name="serv351115298"/>
						<service name="serv1805915141"/>
					</realizations>
				</serviceDesc>
				<serviceDesc>
					<abstraction>
						<input>
							<concept name="con1461416843"/>
							<concept name="con639699741"/>
							<concept name="con312200876"/>
						</input>
						<output>
							<concept name="con1163411428"/>
							<concept name="con718963124"/>
							<concept name="con1662545259"/>
						</output>
					</abstraction>
					<realizations>
						<service name="serv1113231355"/>
						<service name="serv420547531"/>
					</realizations>
				</serviceDesc>
				<serviceDesc>
					<abstraction>
						<input>
							<concept name="con1163411428"/>
							<concept name="con718963124"/>
							<concept name="con1662545259"/>
						</input>
						<output>
							<concept name="con1254758688"/>
							<concept name="con1103810345"/>
							<concept name="con1819433519"/>
						</output>
					</abstraction>
					<realizations>
						<service name="serv1875347374"/>
						<service name="serv1182663588"/>
						<service name="serv489979764"/>
						<service name="serv1944779607"/>
					</realizations>
				</serviceDesc>
				<serviceDesc>
					<abstraction>
						<input>
							<concept name="con1254758688"/>
							<concept name="con1103810345"/>
							<concept name="con1819433519"/>
						</input>
						<output>
							<concept name="con1042570756"/>
							<concept name="con211022466"/>
							<concept name="con2079138657"/>
						</output>
					</abstraction>
					<realizations>
						<service name="serv1252095821"/>
						<service name="serv559411997"/>
					</realizations>
				</serviceDesc>
				<serviceDesc>
					<abstraction>
						<input>
							<concept name="con1042570756"/>
							<concept name="con211022466"/>
							<concept name="con2079138657"/>
						</input>
						<output>
							<concept name="con1757169569"/>
							<concept name="con487112892"/>
							<concept name="con271237732"/>
							<concept name="con704216380"/>
						</output>
					</abstraction>
					<realizations>
						<service name="serv2014211840"/>
					</realizations>
				</serviceDesc>
				<serviceDesc>
					<abstraction>
						<input>
							<concept name="con1757169569"/>
							<concept name="con487112892"/>
							<concept name="con271237732"/>
							<concept name="con704216380"/>
						</input>
						<output>
							<concept name="con1655991159"/>
							<concept name="con1553788426"/>
							<concept name="con447788292"/>
						</output>
					</abstraction>
					<realizations>
						<service name="serv1321528054"/>
					</realizations>
				</serviceDesc>
				<serviceDesc>
					<abstraction>
						<input>
							<concept name="con1655991159"/>
							<concept name="con1553788426"/>
							<concept name="con447788292"/>
						</input>
						<output>
							<concept name="con960030323"/>
							<concept name="con268985043"/>
							<concept name="con1660906753"/>
							<concept name="con1303914438"/>
							<concept name="con1794855625"/>
							<concept name="con404572459"/>
						</output>
					</abstraction>
					<realizations>
						<service name="serv628844230"/>
					</realizations>
				</serviceDesc>
				<serviceDesc>
					<abstraction>
						<input>
							<concept name="con960030323"/>
							<concept name="con268985043"/>
							<concept name="con1660906753"/>
							<concept name="con1303914438"/>
							<concept name="con1794855625"/>
							<concept name="con404572459"/>
						</input>
						<output>
							<concept name="con568014781"/>
							<concept name="con705854924"/>
							<concept name="con429764498"/>
							<concept name="con1462441204"/>
							<concept name="con1876371735"/>
						</output>
					</abstraction>
					<realizations>
						<service name="serv2083644073"/>
					</realizations>
				</serviceDesc>
				<serviceDesc>
					<abstraction>
						<input>
							<concept name="con568014781"/>
							<concept name="con705854924"/>
							<concept name="con429764498"/>
							<concept name="con1462441204"/>
							<concept name="con1876371735"/>
						</input>
						<output>
							<concept name="con1220759822"/>
							<concept name="con2119691623"/>
						</output>
					</abstraction>
					<realizations>
						<service name="serv1390960287"/>
						<service name="serv698276463"/>
						<service name="serv5592677"/>
						<service name="serv1460392520"/>
						<service name="serv767708696"/>
					</realizations>
				</serviceDesc>
			</sequence>
		</solution>
		<solution>
			<sequence>
				<parallel>
					<serviceDesc>
						<abstraction>
							<input>
								<concept name="con1653328292"/>
								<concept name="con1849951292"/>
								<concept name="con241744282"/>
							</input>
							<output>
								<concept name="con588701442"/>
							</output>
						</abstraction>
						<realizations>
							<service name="serv75024910"/>
							<service name="serv1529824753"/>
							<service name="serv837140929"/>
							<service name="serv144457143"/>
						</realizations>
					</serviceDesc>
					<serviceDesc>
						<abstraction>
							<input>
								<concept name="con1653328292"/>
								<concept name="con1849951292"/>
								<concept name="con241744282"/>
							</input>
							<output>
								<concept name="con424848942"/>
								<concept name="con1348154594"/>
							</output>
						</abstraction>
						<realizations>
							<service name="serv1599256986"/>
							<service name="serv906573162"/>
							<service name="serv213889376"/>
						</realizations>
					</serviceDesc>
					<serviceDesc>
						<abstraction>
							<input>
								<concept name="con1653328292"/>
								<concept name="con1849951292"/>
								<concept name="con241744282"/>
							</input>
							<output>
								<concept name="con848610623"/>
							</output>
						</abstraction>
						<realizations>
							<service name="serv1668689219"/>
						</realizations>
					</serviceDesc>
				</parallel>
				<serviceDesc>
					<abstraction>
						<input>
							<concept name="con848610623"/>
							<concept name="con424848942"/>
							<concept name="con1348154594"/>
							<concept name="con588701442"/>
						</input>
						<output>
							<concept name="con1189013645"/>
							<concept name="con30170533"/>
							<concept name="con53520061"/>
							<concept name="con10304228"/>
						</output>
					</abstraction>
					<realizations>
						<service name="serv976005395"/>
					</realizations>
				</serviceDesc>
				<serviceDesc>
					<abstraction>
						<input>
							<concept name="con1189013645"/>
							<concept name="con30170533"/>
							<concept name="con53520061"/>
							<concept name="con10304228"/>
						</input>
						<output>
							<concept name="con912923257"/>
							<concept name="con666530324"/>
							<concept name="con149168694"/>
							<concept name="con1631823443"/>
							<concept name="con1489681927"/>
						</output>
					</abstraction>
					<realizations>
						<service name="serv283321609"/>
					</realizations>
				</serviceDesc>
				<parallel>
					<serviceDesc>
						<abstraction>
							<input>
								<concept name="con912923257"/>
								<concept name="con666530324"/>
								<concept name="con149168694"/>
								<concept name="con1631823443"/>
								<concept name="con1489681927"/>
							</input>
							<output>
								<concept name="con764841824"/>
							</output>
						</abstraction>
						<realizations>
							<service name="serv1738121452"/>
							<service name="serv1045437628"/>
							<service name="serv352753842"/>
							<service name="serv1807553685"/>
						</realizations>
					</serviceDesc>
					<serviceDesc>
						<abstraction>
							<input>
								<concept name="con912923257"/>
								<concept name="con666530324"/>
								<concept name="con149168694"/>
								<concept name="con1631823443"/>
								<concept name="con1489681927"/>
							</input>
							<output>
								<concept name="con2129932951"/>
								<concept name="con582761525"/>
							</output>
						</abstraction>
						<realizations>
							<service name="serv1114869861"/>
							<service name="serv422186075"/>
						</realizations>
					</serviceDesc>
				</parallel>
				<serviceDesc>
					<abstraction>
						<input>
							<concept name="con2129932951"/>
							<concept name="con582761525"/>
							<concept name="con764841824"/>
						</input>
						<output>
							<concept name="con761564774"/>
							<concept name="con2049645207"/>
							<concept name="con323056349"/>
						</output>
					</abstraction>
					<realizations>
						<service name="serv1876985918"/>
					</realizations>
				</serviceDesc>
				<parallel>
					<serviceDesc>
						<abstraction>
							<input>
								<concept name="con761564774"/>
								<concept name="con2049645207"/>
								<concept name="con323056349"/>
							</input>
							<output>
								<concept name="con2119691623"/>
							</output>
						</abstraction>
						<realizations>
							<service name="serv1184302094"/>
						</realizations>
					</serviceDesc>
					<serviceDesc>
						<abstraction>
							<input>
								<concept name="con761564774"/>
								<concept name="con2049645207"/>
								<concept name="con323056349"/>
							</input>
							<output>
								<concept name="con1220759822"/>
							</output>
						</abstraction>
						<realizations>
							<service name="serv491618308"/>
							<service name="serv1946418151"/>
						</realizations>
					</serviceDesc>
				</parallel>
			</sequence>
		</solution>
		<solution>
			<parallel>
				<sequence>
					<parallel>
						<serviceDesc>
							<abstraction>
								<input>
									<concept name="con1653328292"/>
									<concept name="con1849951292"/>
									<concept name="con241744282"/>
								</input>
								<output>
									<concept name="con888345363"/>
								</output>
							</abstraction>
							<realizations>
								<service name="serv1253734327"/>
							</realizations>
						</serviceDesc>
						<serviceDesc>
							<abstraction>
								<input>
									<concept name="con1653328292"/>
									<concept name="con1849951292"/>
									<concept name="con241744282"/>
								</input>
								<output>
									<concept name="con378766199"/>
								</output>
							</abstraction>
							<realizations>
								<service name="serv561050541"/>
								<service name="serv2015850384"/>
							</realizations>
						</serviceDesc>
						<serviceDesc>
							<abstraction>
								<input>
									<concept name="con1653328292"/>
									<concept name="con1849951292"/>
									<concept name="con241744282"/>
								</input>
								<output>
									<concept name="con1007547529"/>
									<concept name="con1840734325"/>
								</output>
							</abstraction>
							<realizations>
								<service name="serv1323166560"/>
							</realizations>
						</serviceDesc>
					</parallel>
					<parallel>
						<serviceDesc>
							<abstraction>
								<input>
									<concept name="con1007547529"/>
									<concept name="con1840734325"/>
									<concept name="con378766199"/>
									<concept name="con888345363"/>
								</input>
								<output>
									<concept name="con1023932779"/>
									<concept name="con1557475654"/>
								</output>
							</abstraction>
							<realizations>
								<service name="serv630482774"/>
							</realizations>
						</serviceDesc>
						<serviceDesc>
							<abstraction>
								<input>
									<concept name="con1007547529"/>
									<concept name="con1840734325"/>
									<concept name="con378766199"/>
									<concept name="con888345363"/>
								</input>
								<output>
									<concept name="con996692056"/>
								</output>
							</abstraction>
							<realizations>
								<service name="serv2085282617"/>
								<service name="serv1392598793"/>
							</realizations>
						</serviceDesc>
					</parallel>
					<serviceDesc>
						<abstraction>
							<input>
								<concept name="con996692056"/>
								<concept name="con1023932779"/>
								<concept name="con1557475654"/>
							</input>
							<output>
								<concept name="con2119691623"/>
							</output>
						</abstraction>
						<realizations>
							<service name="serv699915007"/>
						</realizations>
					</serviceDesc>
				</sequence>
				<sequence>
					<parallel>
						<sequence>
							<parallel>
								<serviceDesc>
									<abstraction>
										<input>
											<concept name="con1653328292"/>
											<concept name="con1849951292"/>
											<concept name="con241744282"/>
										</input>
										<output>
											<concept name="con910260390"/>
											<concept name="con1249843094"/>
										</output>
									</abstraction>
									<realizations>
										<service name="serv7231183"/>
									</realizations>
								</serviceDesc>
								<serviceDesc>
									<abstraction>
										<input>
											<concept name="con1653328292"/>
											<concept name="con1849951292"/>
											<concept name="con241744282"/>
										</input>
										<output>
											<concept name="con1975297418"/>
										</output>
									</abstraction>
									<realizations>
										<service name="serv1462031026"/>
									</realizations>
								</serviceDesc>
							</parallel>
							<serviceDesc>
								<abstraction>
									<input>
										<concept name="con1975297418"/>
										<concept name="con910260390"/>
										<concept name="con1249843094"/>
									</input>
									<output>
										<concept name="con1692038709"/>
										<concept name="con1857119575"/>
										<concept name="con1474525043"/>
										<concept name="con2025477491"/>
										<concept name="con302983909"/>
									</output>
								</abstraction>
								<realizations>
									<service name="serv769347240"/>
									<service name="serv76663416"/>
								</realizations>
							</serviceDesc>
						</sequence>
					</parallel>
					<serviceDesc>
						<abstraction>
							<input>
								<concept name="con1692038709"/>
								<concept name="con1857119575"/>
								<concept name="con1474525043"/>
								<concept name="con2025477491"/>
								<concept name="con302983909"/>
							</input>
							<output>
								<concept name="con1220759822"/>
							</output>
						</abstraction>
						<realizations>
							<service name="serv1531463259"/>
						</realizations>
					</serviceDesc>
				</sequence>
			</parallel>
		</solution>
	</solutions>
</problemStructure>